ErbakSHZWeLnq1hsqFvNz8FvxSzggrfyNGB6TEGSSgNE,FABS
SENDdRQtYMWaQrBroBrJ2Q53fgVuq95CV9UPGEvpCxa,SEND
oreoN2tQbHXVaZsr3pf66A48miqcBXCDJozganhEJgz,ORE
FUTURETnhzFApq2TiZiNbWLQDXMx4nWNpFtmvTf11pMy,FUTURE
Ax6TrTpSthzu1RNptH5VBRR53atgvK75fCSV4zQpump,CXP
8dtYmiGyAMahRtj2W9XVqAjJo59dGbCT7yk7AaxPBzLc,SHRGMA
CBBTCYTLFmQMKQznzSX4un9zBdnL3Em7PU99ZQ1UWwfv,CBBT
6Y7LbYB3tfGBG6CSkyssoxdtHb77AEMTRVXe8JUJRwZ7,DINO
Ds52CDgqdWbTWsua1hgT3AuSSy4FNx2Ezge1br3jQ14a,DEAN
DEVwHJ57QMPPArD2CyjboMbdWvjEMjXRigYpaUNDTD7o,DWH
62CsquahdQ3J286G9UTqV6whxryfihdV4yg7kSJnpump,BGG1